name,alternative_names,description_short,primary_nations
Akan,,A meta-ethnic group residing in the southern regions of present-day Ghana and Ivory Coast in West Africa.,"Ghana|Côte d'Ivoire"
Ashanti,Asante,"A major ethnic group of the Akans of Ghana, a prominent West African kingdom.",Ghana
Baganda,Ganda,"The largest of the ethnic groups in Uganda, residing in the historical Buganda kingdom.",Uganda
Bambara,Bamana,"A Mandé ethnic group native to much of West Africa, primarily in southern Mali, Guinea, Burkina Faso and Senegal.","Mali|Guinea|Burkina Faso|Senegal"
Banyarwanda,,The cultural linguistic and historical group of people who inhabit Rwanda.,Rwanda
Barwe,,An ethnic group in Mozambique.,Mozambique
Baoule,Baule,"An Akan people of the Ivory Coast, concentrated in the centre of the country.",Côte d'Ivoire
Berber peoples,Imazighen,"An ethnic group indigenous to North Africa, primarily inhabiting the Maghreb region.","Morocco|Algeria|Tunisia|Libya|Mauritania|Mali|Niger"
Bozo,,A Mandé ethnic group predominantly found in Mali's Inner Niger Delta.,Mali
Bukusu,,One of the seventeen Kenyan tribes of the Luhya Bantu people of East Africa.,Kenya
Dagaaba,Dagarti,"An ethnic group in Ghana, Burkina Faso and Côte d'Ivoire.","Ghana|Burkina Faso|Côte d'Ivoire"
Dagbani,Dagomba,"An ethnic group of northern Ghana, numbering about 1 million.",Ghana
Dyula,Jula; Dioula,"A Mandé ethnic group inhabiting West Africa.","Mali|Côte d'Ivoire|Ghana|Burkina Faso"
Efik,,An ethnic group located primarily in southeastern Nigeria.,Nigeria
Fang,,A Central African ethnic group found in Equatorial Guinea northern Gabon and southern Cameroon.,"Equatorial Guinea|Gabon|Cameroon"
Fula,Fulani; Peul,"A large and widely dispersed ethnic group in West and Central Africa.","Nigeria|Guinea|Senegal|Mali|Cameroon|Niger"
Gere,,An ethnic group of Côte d'Ivoire and Liberia.,"Côte d'Ivoire|Liberia"
Gnawa,Gnaoua,"An ethnic group in North Africa, mainly Morocco, who are descendants of West African slaves.",Morocco
Gurunsi,,An ethnic group in northern Ghana and southern Burkina Faso.,"Ghana|Burkina Faso"
Hausa,,One of the largest ethnic groups in West and Central Africa.,"Nigeria|Niger|Ghana|Cameroon|Chad"
Igbo,,An ethnic group in southeastern Nigeria.,Nigeria
Jola,Diola,"An ethnic group found in Senegal, the Gambia, and Guinea-Bissau.","Senegal|Gambia|Guinea-Bissau"
Kele,,An ethnic group of Gabon.,Gabon
Kissi,Gissi,"An ethnic group in Guinea, Liberia, and Sierra Leone.","Guinea|Liberia|Sierra Leone"
Kru,,An ethnic group in Liberia and Côte d'Ivoire.,"Liberia|Côte d'Ivoire"
Kwere,,An ethnic group based in the Pwani Region of Tanzania.,Tanzania
Kurya,,A Bantu community in Tanzania and Kenya.,"Tanzania|Kenya"
Lala,,An ethnic group in Zambia.,Zambia
Limba,,The third largest ethnic group in Sierra Leone.,Sierra Leone
Lozi,,A southern African Bantu-speaking ethnic group who speak Lozi or Silozi.,Zambia
Luhya,,A group of 19 distinct Bantu tribes in Kenya.,Kenya
Luo,,"An ethnic group in western Kenya, northern Uganda, and the Mara Region of northern Tanzania.","Kenya|Uganda|Tanzania"
Malagasy,,The ethnic group that forms the majority of the population of Madagascar.,Madagascar
Mandinka,Mandingo,"A West African ethnic group, descendants of the Mali Empire.","Mali|Gambia|Guinea|Senegal"
Mamprusi,,An ethnic group in northern Ghana and Togo.,"Ghana|Togo"
Moore,Mossi,"An ethnic group native to modern-day Burkina Faso, primarily inhabiting the Volta River basin.","Burkina Faso"
Serer,,An ethnic group in Senegal the Gambia and Mauritania.,"Senegal|Gambia|Mauritania"
Shona,,A group of Bantu ethnic groups native to Southern Africa primarily Zimbabwe.,Zimbabwe
Songhai,Songhay,"An ethnic group in West Africa who were a dominant group in the Songhai Empire.","Mali|Niger|Burkina Faso"
Swahili peoples,,A Bantu ethnic group and culture located on the Swahili Coast.,"Kenya|Tanzania|Mozambique|Comoros"
Tonga,,A Bantu-speaking people of southern Zambia and northern Zimbabwe.,"Zambia|Zimbabwe"
Tsogo,Itsogo,"An ethnic group from central Gabon, known for their Bwiti rites.",Gabon
Wolof,,A West African ethnic group found in northwestern Senegal the Gambia and southwestern Mauritania.,"Senegal|Gambia|Mauritania"
Xhosa,,A Nguni Bantu ethnic group of Southern Africa.,South Africa
Yoruba,,A large ethnic group in West Africa mainly in Nigeria Benin and Togo.,"Nigeria|Benin|Togo"
Zarma,Djerma,"An ethnic group predominantly found in westernmost Niger.",Niger
Zulu,,A Nguni Bantu ethnic group of Southern Africa.,South Africa