name,conventional_name,start_year,era,precision,description
Kingdom of Kush,Ancient,"-1070",BCE/CE,Approximately,"An ancient kingdom in Nubia, centered along the Nile Valley in what is now northern Sudan and southern Egypt."
Kingdom of Aksum,Ancient,100,BCE/CE,Approximately,"A trading nation in the area of northern Ethiopia and Eritrea, which existed from approximately 100–940 AD."
Kingdom of Ghana,Medieval,300,BCE/CE,Approximately,"Ancient empire located in what is now southeastern Mauritania and western Mali."
Great Zimbabwe,Medieval,1100,BCE/CE,Approximately,"A medieval African city in the south-eastern hills of Zimbabwe, the capital of the Kingdom of Zimbabwe."
Kingdom of Kongo,Medieval,1390,BCE/CE,Approximately,"A kingdom located in west-central Africa in present-day northern Angola and parts of the Congo."
Mali Empire,Medieval,1235,BCE/CE,Approximately,"A vast empire in West Africa from c. 1235 to 1670, founded by Sundiata Keita."
Songhai Empire,Early Modern,1464,BCE/CE,Approximately,"A state that dominated the western Sahel/Sudan in the 15th and 16th century."
Colonial Era,Modern,1884,BCE/CE,,"Period of widespread European colonization and administration of Africa."
Post-Independence Era,Modern,1960,BCE/CE,,"Era following the wave of independence movements across the continent."
African Humid Period,Prehistoric,"-12000",BCE/CE,c. 14000-5000 BP,"A prehistoric period when the Sahara region was a fertile savanna."