name,alternative_names,sound_source,playing_technique,resonator_type,description_short,primary_ethnic_group_name,associated_ethnic_groups_names,geography_origin_names,historical_context_names
Kora,,String,Plucked,Gourd,"A 21-string harp-lute, traditionally played by griots in West Africa.",Mandinka,"Wolof;Bambara",West Africa;Mali;Senegal;Gambia,Mali Empire
Balafon,,Body (Solid Object),Struck,Gourd,"A gourd-resonated xylophone, a precursor to many similar instruments.",Mandinka,"Susu;Bambara",West Africa;Mali;Guinea,Mali Empire
Djembe,Jembe,Membrane (Skin/Head),Struck,Wood,"A rope-tuned, skin-covered goblet drum played with bare hands, originally from West Africa.",Mandinka,"Bambara;Susu;Wolof",West Africa;Mali;Guinea;Senegal,Mali Empire
Talking Drum,Dundun,Membrane (Skin/Head),Struck,Wood,"An hourglass-shaped drum whose pitch can be regulated to mimic the tone and prosody of human speech.",Yoruba,"Hausa;Dagbani",West Africa;Nigeria;Ghana,
Goje,Goge,String,Bowed,Gourd,"A one or two-stringed fiddle, typically played by the peoples of the Sahel.",Hausa,"Zarma;Songhai",The Sahel;West Africa,
Shekere,,Body (Solid Object),Shaken,Gourd,"A percussion instrument consisting of a dried gourd with beads or cowries woven into a net covering the outside.",Yoruba,Igbo,West Africa;Nigeria,
Mbira,Sanza;Kalimba,"Body (Solid Object)",Plucked,Wood,"A family of musical instruments, traditional to the Shona people of Zimbabwe, consisting of a wooden board with attached staggered metal tines.",Shona,,Southern Africa;Zimbabwe,Great Zimbabwe
Udu,,Body (Solid Object),Struck,Clay Pot,"A plosive aerophone and an idiophone of the Igbo people of Nigeria.",Igbo,,West Africa;Nigeria,
Algaita,,Air Column,Blown,Wood,"A double-reed wind instrument from the Hausa people of West Africa.",Hausa,,The Sahel;West Africa;Nigeria,
Nyatiti,,String,Plucked,Gourd,"An eight-stringed lyre from Kenya, played by the Luo people.",Luo,,East Africa;Kenya,
Valiha,,String,Plucked,Wood,"A tube zither from Madagascar made from a species of local bamboo.",Malagasy,,East Africa;Madagascar,
Inanga,,String,Plucked,Wood,"An oval-shaped trough zither from the Great Lakes region of Africa.",Banyarwanda,Baganda,Great Lakes Region;Rwanda;Burundi;Uganda,
Adungu,Ennanga,String,Plucked,Wood,"An arched harp of the Alur people of northwestern Uganda.",Baganda,Alur,East Africa;Uganda,
Akonting,Ekonting,String,Plucked,Gourd,"A three-string gourd body lute of the Jola people of Senegambia.",Jola,,West Africa;Senegal;Gambia,
Bolon,,String,Plucked,Gourd,"A traditional Mande string instrument, considered a bass harp-lute.",Mandinka,Bambara,West Africa;Mali;Guinea,
Seperewa,,String,Plucked,Wood,"A 10-14 stringed harp-lute of the Akan and Ashanti people of Ghana.",Ashanti,Akan,West Africa;Ghana,
Mvet,,String,Plucked,Wood,"A string instrument, a type of stick zither, of the Fang people of Gabon, Cameroon, and Equatorial Guinea.",Fang,,Central Africa;Gabon;Cameroon,
Krar,,String,Plucked,Wood,"A five or six-stringed bowl-shaped lyre from Ethiopia and Eritrea.",Amhara,Tigrayans,East Africa;Ethiopia;Eritrea,
Masenqo,,String,Bowed,Wood,"A single-stringed bowed lute commonly found in the musical traditions of Ethiopia and Eritrea.",Amhara,Tigrayans,East Africa;Ethiopia;Eritrea,
Xalam,Khalam,String,Plucked,Wood,"A traditional stringed musical instrument from West Africa, a type of lute.",Wolof,Fula,West Africa;Senegal,
Guembri,Sintir,String,Plucked,Wood,"A three stringed skin-covered bass plucked lute used by the Gnawa people.",Gnawa,,North Africa;Morocco,
Oud,,String,Plucked,Wood,"A short-neck lute-type, pear-shaped stringed instrument with 11 or 13 strings, common in North Africa.","Arab peoples",,North Africa;The Maghreb,
Bendir,,Membrane (Skin/Head),Struck,Wood,"A wooden-framed frame drum of North Africa and the Middle East.","Berber peoples","Arab peoples",The Maghreb;North Africa,
Darbuka,Goblet Drum,Membrane (Skin/Head),Struck,Clay Pot,"A goblet-shaped hand drum used mostly in North Africa and the Middle East.","Arab peoples",,North Africa,
Gasba,Tamasja,Air Column,Blown,Wood,"A type of oblique-rim side-blown flute used in North African music.","Berber peoples",,The Maghreb,
Kakaki,,Air Column,Blown,Metal,"A three to four-meter long metal trumpet used in Hausa traditional ceremonial music.",Hausa,,West Africa;Nigeria;Niger,
Kankobela,Kankowela,"Body (Solid Object)",Plucked,Wood,"A lamellophone of the Tonga people of Zambia and Zimbabwe, also known as the 'lover's voice'.",Tonga,,Southern Africa;Zambia,
Kayamba,,Body (Solid Object),Shaken,Wood,"A raft rattle made of reeds and filled with seeds, common in Kenya and Tanzania.","Swahili peoples",,East Africa;Kenya;Tanzania,
Oporo,,Air Column,Blown,Animal Horn,"A long horn blown by the Luo people, used in communication and ceremonies.",Luo,,East Africa;Kenya,
Sabar,,Membrane (Skin/Head),Struck,Wood,"A traditional drum from Senegal, played with one hand and one stick.",Wolof,Serer,West Africa;Senegal,
Endingidi,,String,Bowed,Wood,"A one-string fiddle popular in the traditional music of Uganda.",Baganda,,East Africa;Uganda,
Uhadi,,String,Bowed,Gourd,"A traditional Xhosa musical bow, a stringed instrument with a gourd resonator.",Xhosa,,Southern Africa;South Africa,
Ogene,,Body (Solid Object),Struck,Metal,"A metal bell, usually struck with a soft wooden stick, originating from the Igbo people of Nigeria.",Igbo,,West Africa;Nigeria,
Ekwe,,Body (Solid Object),Struck,Wood,"A traditional slit drum made from a hollowed log, used for communication and music by the Igbo people.",Igbo,,West Africa;Nigeria,
Gyil,,Body (Solid Object),Struck,Wood,"A gourd-resonated xylophone of the Dagaaba and Lobi people of Ghana, Burkina Faso and Ivory Coast.",Dagaaba,Lobi,West Africa;Ghana;Burkina Faso